sensitive_feature,demographic_parity_difference,equalized_odds_difference
sex,0.011031825000659176,0.01209210775943842
education,0.1534446764091858,0.4074074074074074
age_group,0.05798986402111726,0.08361111111111108
